ID_SUCURSAL;ID_NOMBRE_SUCURSAL;DIRECCION;LATITUD;LONGITUD;LOCALIDAD;PROVINCIA;NODO;LAT_NODO;LONG_NODO;ABONO_MENSUAL;Moneda;CPE_ARSAT;CPE_PROPONENTE;Moneda ;TIEMPO_IMPLEMENTACION;MARCA_CPE;MODELO_CPE;COSTO_CPE;VERIF_CARGA;CUIT;RAZON_SOCIAL;DTO_GLOBAL;;
217;C.A.N.E. Tandil;Sarmiento 944;-37,323056;-59,132386;Tandil;Buenos Aires;Tandil;-37,2997389;-59,1336111;550,00;USD;550,00;550,00;USD;30;fiberhome;AN5506-01A;120;Carga correcta;20282994039;JUAN IGNACIO UGALDE;;;
220;C.A.N.E. Mar Del Plata;MartÌn Miguel De G¸emes 2551;-38,012884;-57,539518;Mar Del Plata;Buenos Aires;Mar Del Plata;-37,9973778;-57,5503917;; USD ;;;USD;;;;;;;;;;
1029;Anexo Operativo San Nicolas;Avda. Coronel RamÛn L. FalcÛn 331;-33,338309;-60,213085;San Nicolas;Buenos Aires;San Nicolas De Los Arroyos;-33,338883;-60,200961;; USD ;;;USD;;;;;;;;;;
1110;Ayacucho;25 De Mayo 1199;-37,152463;-58,487445;Ayacucho;Buenos Aires;Ayacucho;-37,1495722;-58,4707222;; USD ;;;USD;;;;;;;;;;
1120;Azul;San MartÌn 455/57;-36,77827;-59,86332;Azul;Buenos Aires;Azul;-36,7699444;-59,8500556;550,00;USD;1.500,00;1.500,00;USD;120;fiberhome;AN5506-01A;120;Carga correcta;20282994039;JUAN IGNACIO UGALDE;;;
1140;Balcarce;Calle 15 N∞ 551;-37,844702;-58,255198;Balcarce;Buenos Aires;Balcarce;-37,8497917;-58,2492611;; USD ;;;USD;;;;;;;;;;
1172;Barrio Belgrano - Junin;Padre Ghio 291;-34,57867;-60,948801;Junin;Buenos Aires;Junin;-34,5690194;-60,9316111;89,00; USD ;132,00;360,00;USD;10;MIKROTIK;951;170;Carga correcta;30665549050;GRUPO SERVICIOS JUNIN S.A.;;;
1180;Barrio Independencia;Avda. Independencia 3617-M.Del Plata;-38,011633;-57,565184;Mar Del Plata;Buenos Aires;Mar Del Plata;-37,9973778;-57,5503917;; USD ;;;USD;;;;;;;;;;
1221;Benito Juarez;Avda. Santana E. Zabalza 1;-37,674191;-59,80603;Benito Juarez;Buenos Aires;Benito Juarez;-37,6795556;-59,8101667;200,00;USD;100,00;500,00;USD;5;Mikrotik;CRS 112;400;Carga correcta;30710031289;Globalweb S.R.L;;;
1230;Bolivar;Avda. Gral. San MartÌn 501;-36,232167;-61,11199;Bolivar;Buenos Aires;San Carlos De Bolivar;-36,2382515;-61,1231215;275,00;USD;0,00;0,00;USD;14;MIKROTIK;RB960PGS;500;Carga correcta;30715815210;BRUNO Y ASOCIADOS SERVICIOS TECNOLOGICOS S.A.;;;
1240;Bragado;Avda. Pellegrini 1474;-35,116782;-60,487403;Bragado;Buenos Aires;Bragado;-35,1283333;-60,4711111;; USD ;;;USD;;;;;;;;;;
1267;Campana;Avda. Ing. A. Roca  152;-34,159403;-58,958377;Campana;Buenos Aires;Campana;-34,1805556;-58,9688889;; USD ;;;USD;;;;;;;;;;
1310;Capitan Sarmiento;Avda. Pte. J. D. PerÛn 402;-34,176647;-59,793515;Capitan Sarmiento;Buenos Aires;Capitan Sarmiento;-34,1718861;-59,79345;; USD ;;;USD;;;;;;;;;;
1350;Carlos Tejedor;Alberto H. AlmirÛn 46;-35,38906;-62,42117;Carlos Tejedor;Buenos Aires;Carlos Tejedor;-35,390125;-62,4130833;; USD ;;;USD;;;;;;;;;;
1352;Carmen De Areco;Avda. Mitre Y AzcuÈnaga;-34,37796;-59,82473;Carmen De Areco;Buenos Aires;Carmen De Areco;-34,3875278;-59,8203639;; USD ;;;USD;;;;;;;;;;
1403;Anexo Operativo Mar Del Plata;CÛrdoba 2071;-38,002334;-57,549241;Mar Del Plata;Buenos Aires;Mar Del Plata;-37,9973778;-57,5503917;; USD ;;;USD;;;;;;;;;;
1410;Chacabuco;Belgrano 49;-34,643138;-60,471641;Chacabuco;Buenos Aires;Chacabuco;-34,6284222;-60,4658528;; USD ;;;USD;;;;;;;;;;
1450;Chascomus;Avda. Mitre 113;-35,579345;-58,01318;Chascomus;Buenos Aires;Chascomus;-35,5737361;-58,0189694;; USD ;;;USD;;;;;;;;;;
1510;Colon (Ba);Calle 47 N∞ 901;-33,8929;-61,10041;Colon;Buenos Aires;Colon;-33,8978634;-61,0995605;88,90;USD;635,00;635,00;USD;25;huawei;EG8141A5 o similar;48,26;Carga correcta;30545748831;COOPERATIVA DE PROVISI”N DE SERVICIOS EL…CTRICOS, PUBLICOS,SOCIALES, VIVIENDA, OBRAS Y CONSUMO DE COLON BUENOS AIRES LIMITADA;;;
1620;Coronel Suarez;Sarmiento 101;-37,45907;-61,93359;Coronel Suarez;Buenos Aires;Coronel Suarez;-37,4729722;-61,9269083;; USD ;;;USD;;;;;;;;;;
1653;Daireaux;Avda. Julio A. Roca 199;-36,601042;-61,749355;Daireaux;Buenos Aires;Daireaux;-36,5965833;-61,7497111;; USD ;;;USD;;;;;;;;;;
1654;Dardo Rocha;Calle 42 Esq. 21 - La Plata;-34,92127;-57,97185;La Plata;Buenos Aires;La Plata;-34,9425917;-57,9745806;600,00;USD;2.928,00;3.475,00;USD;10;Huawei;S5735-L8T4X-QA-V2;547;Carga correcta;30714627356;Soluciones Wisp S.A.;;;
1850;Gral. Belgrano;Avda San MartÌn (15) N∞ 805;-35,769288;-58,49671;Gral. Belgrano;Buenos Aires;General Belgrano;-35,7640306;-58,4875889;; USD ;;;USD;;;;;;;;;;
1870;Gral. Lamadrid;Sarmiento 386;-37,249689;-61,263521;Gral. Lamadrid;Buenos Aires;General La Madrid;-37,2450611;-61,2530583;; USD ;;;USD;;;;;;;;;;
1880;Gral. Madariaga;Avellaneda 281;-36,997028;-57,137302;Gral. Madariaga;Buenos Aires;General Juan Madariaga;-37,0054722;-57,1168056;; USD ;;;USD;;;;;;;;;;
1930;Los Toldos;BmÈ. Mitre 696;-34,994282;-61,035709;Los Toldos;Buenos Aires;Los Toldos;-35,001583;-61,040231;181,50;USD;150,00;300,00;USD;10;Huawei ;HG8310M;300;Carga correcta;33598217489;Coop. Electrica de Gral. Viamonte;;;
1940;Gral. Villegas;Rivadavia 698;-35,031724;-63,015627;Gral. Villegas;Buenos Aires;General Villegas;-35,046734;-63,015294;; USD ;;;USD;;;;;;;;;;
1984;Henderson;Rivadavia Esq. Almafuerte;-36,30242;-61,71893;Henderson;Buenos Aires;Henderson;-36,2973889;-61,7232861;; USD ;;;USD;;;;;;;;;;
2120;Junin;Mayor LÛpez 26;-34,593509;-60,945325;Junin;Buenos Aires;Junin;-34,5690194;-60,9316111;89,00; USD ;132,00;360,00;USD;10;MIKROTIK;951;170;Carga correcta;30665549050;GRUPO SERVICIOS JUNIN S.A.;;;
2180;Laprida;Avda. San MartÌn 1100;-37,54439;-60,79994;Laprida;Buenos Aires;Laprida;-37,546806;-60,812333;; USD ;;;USD;;;;;;;;;;
2250;Lincoln;Avda. L.N.Alem 1200;-34,86942;-61,52946;Lincoln;Buenos Aires;Lincoln;-34,868833;-61,5125;; USD ;;;USD;;;;;;;;;;
2270;Lobos;Salgado Y Buenos Aires;-35,18595;-59,106717;Lobos;Buenos Aires;Lobos;-35,19045;-59,082083;; USD ;;;USD;;;;;;;;;;
2300;Lujan;San MartÌn 298;-34,564852;-59,117945;Lujan;Buenos Aires;Lujan;-34,579061;-59,109503;; USD ;;;USD;;;;;;;;;;
2410;Mercedes (Ba);Calle 29 N∞ 448;-34,652433;-59,432379;Mercedes;Buenos Aires;Mercedes;-34,675156;-59,440553;; USD ;;;USD;;;;;;;;;;
2510;Navarro;H. Yrigoyen 300;-35,005833;-59,277914;Navarro;Buenos Aires;Los Pinos;-37,943169;-58,324894;; USD ;;;USD;;;;;;;;;;
2580;Nueve De Julio;Rioja Y Avda. Gral. Vedia;-35,44543;-60,88324;9 De Julio;Buenos Aires;9 De Julio;-35,4406889;-60,8725;30,25;USD;242,00;412,60;USD;10;MIKROTIK;RB760IGS;200;Carga correcta;30716850419;NET NUEVE SAS;;;
2600;Olavarria;V. Lopez 2900;-36,892662;-60,32228;Olavarria;Buenos Aires;Olavarria;-36,885419;-60,309583;; USD ;;;USD;;;;;;;;;;
2690;Pehuajo;Artigas 589;-35,810905;-61,899869;Pehuajo;Buenos Aires;Pehuajo;-35,808664;-61,886181;; USD ;;;USD;;;;;;;;;;
2880;Rauch;Avda. San MartÌn 501;-36,775648;-59,090258;Rauch;Buenos Aires;Rauch;-36,775611;-59,077289;200,00;USD;100,00;500,00;USD;5;Mikrotik;CRS 112;400;Carga correcta;30710031289;Globalweb S.R.L;;;
2880;Rauch;Avda. San MartÌn 501;-36,775648;-59,090258;Rauch;Buenos Aires;Rauch;-36,775611;-59,077289;550,00;USD;1.500,00;1.500,00;USD;120;fiberhome;AN5506-01A;120;Carga correcta;20282994039;JUAN IGNACIO UGALDE;;;
2980;America (Ba);Rivadavia 301;-35,490073;-62,976291;America;Buenos Aires;America;-35,494459;-62,970023;; USD ;;;USD;;;;;;;;;;
2992;Rivera;Avda. S. MartÌn Esq.De Los Colonizadores;-37,16021;-63,24619;Rivera;Buenos Aires;Rivera;-37,155926;-63,244268;; USD ;;;USD;;;;;;;;;;
3000;Rojas;Avda. 25 De Mayo 400;-34,19765;-60,73324;Rojas;Buenos Aires;Rojas;-34,208253;-60,72754;; USD ;;;USD;;;;;;;;;;
3060;Saladillo;Avda. San MartÌn 3099;-35,63871;-59,778208;Saladillo;Buenos Aires;Saladillo;-35,634893;-59,786639;; USD ;;;USD;;;;;;;;;;
3080;Salto;San Pablo 401;-34,291793;-60,254334;Salto;Buenos Aires;Salto;-34,30625;-60,246444;; USD ;;;USD;;;;;;;;;;
3270;San Nicolas;Belgrano 101 Esq.Sarmiento;-33,327719;-60,21801;San Nicolas;Buenos Aires;San Nicolas De Los Arroyos;-33,338883;-60,200961;; USD ;;;USD;;;;;;;;;;
3325;Santa Clara Del Mar;Los Angeles 197;-37,835035;-57,500162;Santa Clara Del Mar;Buenos Aires;Santa Clara Del Mar;-37,842042;-57,507356;; USD ;;;USD;;;;;;;;;;
3460;Tapalque;Avda. 9 De Julio 545;-36,357224;-60,025392;Tapalque;Buenos Aires;Tapalque;-36,360978;-60,031272;; USD ;;;USD;;;;;;;;;;
3510;Tornquist;Avda. 9 De Julio 402;-38,099932;-62,224106;Tornquist;Buenos Aires;Tornquist;-38,105861;-62,216778;; USD ;;;USD;;;;;;;;;;
3560;Trenque Lauquen;Bvd. Villegas 501;-35,97297;-62,733736;Trenque Lauquen;Buenos Aires;Trenque Lauquen;-35,971336;-62,748289;; USD ;;;USD;;;;;;;;;;
3575;Tres Lomas;9 De Julio 502;-36,458513;-62,862171;Tres Lomas;Buenos Aires;Tres Lomas;-36,465908;-62,865686;; USD ;;;USD;;;;;;;;;;
3640;Vedia;Avda. L.N.Alem 1;-34,498471;-61,54195;Vedia;Buenos Aires;Vedia;-34,491353;-61,547914;; USD ;;;USD;;;;;;;;;;
3650;Veinticinco De Mayo;Calle 9 N∞ 900;-35,43182;-60,17114;25 De Mayo;Buenos Aires;25 De Mayo;-35,4429806;-60,1747889;; USD ;;;USD;;;;;;;;;;
3760;Villa Gesell;Avda. 3 Esq. Paseo 109;-37,261707;-56,972544;Villa Gesell;Buenos Aires;Villa Gesell;-37,256008;-56,974533;; USD ;;;USD;;;;;;;;;;
3850;Zarate;Avda. Rivadavia 699;-34,095127;-59,024015;Zarate;Buenos Aires;Zarate;-34,105194;-59,048278;; USD ;;;USD;;;;;;;;;;
9218;Ingeniero White;Libertad 3701;-38,770694;-62,279513;Ingeniero White;Buenos Aires;Bahia Blanca;-38,7512417;-62,2829722;; USD ;;;USD;;;;;;;;;;
9245;Barrio La Perla;Avda. Libertad 3802 - M.Del Plata;-37,987575;-57,554403;Mar Del Palata;Buenos Aires;Mar Del Plata;-37,9973778;-57,5503917;; USD ;;;USD;;;;;;;;;;
9246;Barrio Acevedo;Sarmiento 675 - Pergamino;-33,884319;-60,567702;Pergamino;Buenos Aires;Pergamino;-33,860639;-60,571472;; USD ;;;USD;;;;;;;;;;
1207;Belen;Lavalle 305;-27,65026;-67,02673;Belen;Catamarca;Belen;-27,6467222;-67,0203889;474,33;USD;1.500,00;2.350,00;USD;15;MikroTik ;RB5009UG+S+IN C/SFP ++;850;Carga correcta;30716161141;GESTION INTEGRAL DE PROYECTOS S.A.S.;5% y 3%;;
2903;Recreo;Pte. PerÛn Y Sarmiento;-29,278398;-65,059351;Recreo;Catamarca;Recreo;-29,2863647;-65,0554615;474,33;USD;1.500,00;2.350,00;USD;15;MikroTik ;RB5009UG+S+IN C/SFP ++;850;Carga correcta;30716161141;GESTION INTEGRAL DE PROYECTOS S.A.S.;5% y 3%;;
3343;Santa Maria;BmÈ. Mitre 489;-26,694;-66,04973;Santa Maria;Catamarca;Santa Maria;-26,698689;-66,041042;150,00;USD;250,00;1.720,00;USD;15;CISCO;CBS220-8T-E-2G;1470;Carga correcta;33564365349;COOPERATIVA TELEFONICA SANTA MARIA LIMITADA;;;
3343;Santa Maria;BmÈ. Mitre 489;-26,694;-66,04973;Santa Maria;Catamarca;Santa Maria;-26,698689;-66,041042;474,33;USD;1.500,00;2.350,00;USD;15;MikroTik ;RB5009UG+S+IN C/SFP ++;850;Carga correcta;30716161141;GESTION INTEGRAL DE PROYECTOS S.A.S.;5% y 3%;;
1106;Avda. 25 De Mayo;Avda. 25 De Mayo 1298;-27,44087;-58,998197;Resistencia;Chaco;Resistencia;-27,45595;-58,987239;350,00;USD;4.000,00;5.000,00;USD;25;8-Port Gigabit L2 Managed Switch, 8 Gigabit RJ45 Ports,2 SFP ;Ethernet Smart Switch con 8x Gigabit +  4x bahias SFP;1000;Carga correcta;30709473839;Comytel S.A.;;;
2730;Presidencia R. Saenz PeÒa;Pellegrini 499;-26,790247;-60,441343;Presidencia R. Saenz PeÒa;Chaco;Presidencia Roque Saenz PeÒa;-26,7916944;-60,4276972;; USD ;;;USD;;;;;;;;;;
2740;Presidencia De La Plaza;San MartÌn 399;-27,001574;-59,846118;Presidencia De La Plaza;Chaco;Presidencia De La Plaza;-27,004389;-59,834389;; USD ;;;USD;;;;;;;;;;
1048;Alto Rio Senguer;Avda. San MartÌn 141;-45,0456;-70,82072;Rio Senguer;Chubut;Alto Rio Senguer;-45,036475;-70,812069;; USD ;;;USD;;;;;;;;;;
215;C.A.N.E. San Francisco;Avda. Del Libertador Norte 53;-31,429037;-62,085134;San Francisco;CÛrdoba;Frontera;-31,4302361;-62,0651694;; USD ;;;USD;;;;;;;;;;
1095;Arroyito;Avda. Fulvio A. Pagani 809;-31,42266;-63,04641;Arroyito;CÛrdoba;Arroyito;-31,415964;-63,044611;180,00;USD;650,00;1.300,00;USD;90;MIKROTIK;CCR2004-16G-2S+;650;Carga correcta;23288366659;CHIARAVIGLIO RAUL FABIO;;;
1220;Bell Ville;CÛrdoba 600;-32,629902;-62,69412;Bell Ville;CÛrdoba;Bell Ville;-32,612997;-62,694325;; USD ;;;USD;;;;;;;;;;
1570;Cordoba;San JerÛnimo 30;-31,417418;-64,183429;Centro;CÛrdoba;Cordoba;-31,4391944;-64,1897806;; USD ;;;USD;;;;;;;;;;
1640;Cruz Del Eje;Alvear 508;-30,721049;-64,806011;Cruz Del Eje;CÛrdoba;Cruz Del Eje;-30,7242056;-64,8005583;474,33;USD;1.500,00;2.350,00;USD;15;MikroTik ;RB5009UG+S+IN C/SFP ++;850;Carga correcta;30716161141;GESTION INTEGRAL DE PROYECTOS S.A.S.;5% y 3%;;
1660;Dean Funes;9 De Julio 203;-30,42322;-64,35093;Dean Funes;CÛrdoba;Dean Funes;-30,4228944;-64,3571611;; USD ;;;USD;;;;;;;;;;
1860;Gral. Cabrera;25 De Mayo Esq. Buenos Aires;-32,813698;-63,874565;Gral. Cabrera;CÛrdoba;General Cabrera;-32,808836;-63,859931;; USD ;;;USD;;;;;;;;;;
1871;Gral. Levalle;Gral. Paz 340;-34,007079;-63,921614;Gral. Levalle;CÛrdoba;General Levalle;-34,00695;-63,9153;; USD ;;;USD;;;;;;;;;;
1985;Hernando;San MartÌn Esq. Chile;-32,427617;-63,734061;Hernando;CÛrdoba;Hernando Ciudad;-32,422836;-63,738783;138,00;USD;350,00;350,00;USD;5;Huawei;HG8247H5;150;Carga correcta;30545745794;Cooperativa de Obras, Servicios Publicos y Sociales de Hernando Ltda.;;;
2070;Jesus Maria;Tucum·n 395;-30,976547;-64,095075;Jesus Maria;CÛrdoba;Jesus Maria;-30,9861498;-64,0899988;; USD ;;;USD;;;;;;;;;;
2130;Laboulaye;Avda. Independencia 249;-34,128019;-63,389705;Laboulaye;CÛrdoba;Laboulaye;-34,1226722;-63,3931528;; USD ;;;USD;;;;;;;;;;
2340;Marcos Juarez;L. N. Alem 300;-32,694732;-62,105001;Marcos Juarez;CÛrdoba;Marcos Juarez;-32,692886;-62,089983;; USD ;;;USD;;;;;;;;;;
2502;Morrison;Dr. Mariano Moreno 550;-32,592231;-62,832601;Morrison;CÛrdoba;Colonia Bossi;-30,6690806;-61,7890694;; USD ;;;USD;;;;;;;;;;
2622;Oncativo;Bv. San MartÌn 1040/42;-31,91663;-63,679537;Oncativo;CÛrdoba;Oncativo;-31,909667;-63,681028;; USD ;;;USD;;;;;;;;;;
3092;Sampacho;H. Yrigoyen Esq. Moreno;-33,38462;-64,72266;Sampacho;CÛrdoba;Sampacho;-33,3874139;-64,7301583;; USD ;;;USD;;;;;;;;;;
3160;San Francisco;Bvd. 25 De Mayo 1702;-31,42949;-62,08503;San Francisco;CÛrdoba;Frontera;-31,4302361;-62,0651694;; USD ;;;USD;;;;;;;;;;
3419;Sucursal Electronica Barrio Jardin Espinoza;Boulevard Elias Yofre 717;-31,450884;-64,184765;Cordoba;CÛrdoba;Cordoba;-31,4391944;-64,1897806;; USD ;;;USD;;;;;;;;;;
3520;VicuÒa Mackenna;Avda. Conall S. Tierney 498;-33,91496;-64,389965;VicuÒa Mackenna;CÛrdoba;Vicuna Mackena;-33,9258528;-64,3850472;; USD ;;;USD;;;;;;;;;;
1013;Anexo Operativo Goya;Gral. Manuel Belgrano 850;-29,142654;-59,265527;Goya;Corrientes;Goya;-29,1608419;-59,249276;146,00;USD;5.480,00;5.745,00;USD;70;Mikrotik;RB 760 IGS HEX S;193;Carga correcta;30716550849;CORRIENTES TELECOMUNICACIONES SAPEM;5†%;;
1210;Bella Vista (Ctes);Salta 1098;-28,507042;-59,043338;Bella Vista;Corrientes;Bella Vista;-28,517925;-59,0373611;146,00;USD;6.520,00;7.003,00;USD;60;Mikrotik;RB 760 IGS HEX S;193;Carga correcta;30716550849;CORRIENTES TELECOMUNICACIONES SAPEM;5†%;;
1630;Corrientes;9 De Julio 1298;-27,466586;-58,83556;Corrientes;Corrientes;Corrientes;-27,4738916;-58,8535194;250,00;USD;2.000,00;3.000,00;USD;20;8-Port Gigabit L2 Managed Switch, 8 Gigabit RJ45 Ports,2 SFP ;Ethernet Smart Switch con 8x Gigabit +  4x bahias SFP;1000;Carga correcta;30709473839;Comytel S.A.;;;
1630;Corrientes;9 De Julio 1298;-27,466586;-58,83556;Corrientes;Corrientes;Corrientes;-27,4738916;-58,8535194;146,00;USD;719,00;970,00;USD;20;Mikrotik;RB 760 IGS HEX S;193;Carga correcta;30716550849;CORRIENTES TELECOMUNICACIONES SAPEM;5†%;;
1750;Esquina (Ctes);BmÈ. Mitre 501;-30,018069;-59,532874;Esquina;Corrientes;Esquina;-30,01525;-59,5284444;390,00;USD;4.000,00;5.000,00;USD;20;8-Port Gigabit L2 Managed Switch, 8 Gigabit RJ45 Ports,2 SFP ;Ethernet Smart Switch con 8x Gigabit +  4x bahias SFP;1000;Carga correcta;30709473839;Comytel S.A.;;;
1750;Esquina (Ctes);BmÈ. Mitre 501;-30,018069;-59,532874;Esquina;Corrientes;Esquina;-30,01525;-59,5284444;600,00;USD;500,00;0,00;USD;8;0;0;0;Carga correcta;30708682337;WIRCOM ARGENTINA;;;
1960;Goya;Belgrano 898;-29,143147;-59,265769;Goya;Corrientes;Goya;-29,1608419;-59,249276;146,00;USD;5.480,00;5.745,00;USD;70;Mikrotik;RB 760 IGS HEX S;193;Carga correcta;30716550849;CORRIENTES TELECOMUNICACIONES SAPEM;5†%;;
3340;Santa Lucia;Belgrano 1002;-28,989523;-59,101092;Santa Lucia;Corrientes;Santa Lucia;-28,9743678;-59,0988896;146,00;USD;1.265,00;1.795,00;USD;40;Mikrotik;RB 760 IGS HEX S;193;Carga correcta;30716550849;CORRIENTES TELECOMUNICACIONES SAPEM;5†%;;
;;;;;Goya;Corrientes;;;;95,00;;;756,25;;;;ver presupuesto en PDF;;Falta campo obligatorio;30716804034;Gowigo Sas;;;
1023;Anexo Operativo Parana;EspaÒa 42;-31,732456;-60,532011;Parana;Entre Rios;Parana;-31,7401972;-60,5343917;135,00;USD;0,00;150,00;USD;15;FIBERHOME;HG6145D2;0;Carga correcta;30707745017;Cooperativa Entrerriana de Provision de Servicios de Comunicaciones LTDA.;10†%;;
1023;Anexo Operativo Parana;EspaÒa 42;-31,732456;-60,532011;Parana;Entre Rios;Parana;-31,7401972;-60,5343917;275,00;USD;987,95;1.427,19;USD;60;Mikrotik;RB960pgs;439,2375;Carga correcta;30709176672;ENER S.A.;5†%;;
1235;Bovril;H.Yrigoyen 91;-31,3422;-59,44711;Bovril;Entre Rios;Bovril;-31,34015;-59,4337194;135,00;USD;0,00;150,00;USD;15;HUAWEI;ECHOLIFE EG8143A5;0;Carga correcta;30707745017;Cooperativa Entrerriana de Provision de Servicios de Comunicaciones LTDA.;10†%;;
1235;Bovril;H.Yrigoyen 91;-31,3422;-59,44711;Bovril;Entre Rios;Bovril;-31,34015;-59,4337194;275,00;USD;4.595,84;5.035,08;USD;60;Mikrotik;RB960pgs;439,2375;Carga correcta;30709176672;ENER S.A.;5†%;;
1420;Chajari;Sarmiento 2699;-30,758331;-57,979885;Chajari;Entre Rios;Chajari;-30,7557444;-57,9885056;135,00;USD;0,00;150,00;USD;15;HUAWEI;HG8247H5;0;Carga correcta;30707745017;Cooperativa Entrerriana de Provision de Servicios de Comunicaciones LTDA.;10†%;;
1420;Chajari;Sarmiento 2699;-30,758331;-57,979885;Chajari;Entre Rios;Chajari;-30,7557444;-57,9885056;275,00;USD;2.620,34;3.059,58;USD;60;Mikrotik;RB960pgs;439,2375;Carga correcta;30709176672;ENER S.A.;5†%;;
1550;Concepcion Del Uruguay;EspaÒa 49 Y San MartÌn;-32,48575;-58,23391;Concepcion Del Uruguay;Entre Rios;Concepcion Del Uruguay;-32,4844639;-58,25335;135,00;USD;0,00;150,00;USD;15;MIKROTIK;hEX PoE RB960PGS;0;Carga correcta;30707745017;Cooperativa Entrerriana de Provision de Servicios de Comunicaciones LTDA.;10†%;;
1550;Concepcion Del Uruguay;EspaÒa 49 Y San MartÌn;-32,48575;-58,23391;Concepcion Del Uruguay;Entre Rios;Concepcion Del Uruguay;-32,4844639;-58,25335;275,00;USD;2.825,15;3.264,39;USD;60;Mikrotik;RB960pgs;439,2375;Carga correcta;30709176672;ENER S.A.;5†%;;
1550;Concepcion Del Uruguay;EspaÒa 49 Y San MartÌn;-32,48575;-58,23391;Concepcion Del Uruguay;Entre Rios;Concepcion Del Uruguay;-32,4844639;-58,25335;525,00;USD;0,00;250,00;USD;15;Mikrotik;RB960pgs;250;Carga correcta;33710196139;Urunet Srl;;;
1560;Concordia;Carlos Pellegrini 651;-31,39691;-58,01651;Concordia;Entre Rios;Concordia;-31,3816583;-58,0183056;135,00;USD;0,00;150,00;USD;15;HUAWEI;HG8145V5;0;Carga correcta;30707745017;Cooperativa Entrerriana de Provision de Servicios de Comunicaciones LTDA.;10†%;;
1560;Concordia;Carlos Pellegrini 651;-31,39691;-58,01651;Concordia;Entre Rios;Concordia;-31,3816583;-58,0183056;275,00;USD;2.326,71;2.765,95;USD;60;Mikrotik;RB960pgs;439,2375;Carga correcta;30709176672;ENER S.A.;5†%;;
1638;Crespo;San MartÌn 1031;-33,010284;-58,519404;Crespo;Entre Rios;Gualeguaychu;-33,0121694;-58,5335194;135,00;USD;0,00;150,00;USD;15;HUAWEI;HG8147X6;0;Carga correcta;30707745017;Cooperativa Entrerriana de Provision de Servicios de Comunicaciones LTDA.;10†%;;
1638;Crespo;San MartÌn 1031;-33,010284;-58,519404;Crespo;Entre Rios;Gualeguaychu;-33,0121694;-58,5335194;275,00;USD;8.950,08;9.389,32;USD;60;Mikrotik;RB960pgs;439,2375;Carga correcta;30709176672;ENER S.A.;5†%;;
1670;Diamante;Gral. Dr. Pascual Echag¸e 350;-32,067156;-60,641956;Diamante;Entre Rios;Diamante;-32,0716778;-60,6323222;135,00;USD;0,00;150,00;USD;15;KINGTYPE;GPNC0C;0;Carga correcta;30707745017;Cooperativa Entrerriana de Provision de Servicios de Comunicaciones LTDA.;10†%;;
1670;Diamante;Gral. Dr. Pascual Echag¸e 350;-32,067156;-60,641956;Diamante;Entre Rios;Diamante;-32,0716778;-60,6323222;275,00;USD;667,03;1.106,26;USD;60;Mikrotik;RB960pgs;439,2375;Carga correcta;30709176672;ENER S.A.;5†%;;
1970;Gualeguay;San Antonio 52;-33,14764;-59,312224;Gualeguay;Entre Rios;Gualeguay;-33,1319361;-59,3171583;135,00;USD;0,00;150,00;USD;15;CDATA;FD512XW;0;Carga correcta;30707745017;Cooperativa Entrerriana de Provision de Servicios de Comunicaciones LTDA.;10†%;;
1970;Gualeguay;San Antonio 52;-33,14764;-59,312224;Gualeguay;Entre Rios;Gualeguay;-33,1319361;-59,3171583;275,00;USD;804,98;1.244,22;USD;60;Mikrotik;RB960pgs;439,2375;Carga correcta;30709176672;ENER S.A.;5†%;;
1980;Gualeguaychu;25 De Mayo Y Alberdi;-33,009374;-58,517239;Gualeguaychu;Entre Rios;Gualeguaychu;-33,0121694;-58,5335194;135,00;USD;0,00;150,00;USD;15;DIGISTAR;GRG-31110;0;Carga correcta;30707745017;Cooperativa Entrerriana de Provision de Servicios de Comunicaciones LTDA.;10†%;;
1980;Gualeguaychu;25 De Mayo Y Alberdi;-33,009374;-58,517239;Gualeguaychu;Entre Rios;Gualeguaychu;-33,0121694;-58,5335194;275,00;USD;1.802,92;2.242,16;USD;60;Mikrotik;RB960pgs;439,2375;Carga correcta;30709176672;ENER S.A.;5†%;;
2160;La Paz (Er);San MartÌn 901;-30,741199;-59,644604;La Paz;Entre Rios;La Paz;-30,73535;-59,6342361;135,00;USD;0,00;150,00;USD;15;KINGTYPE;GPNC0C;0;Carga correcta;30707745017;Cooperativa Entrerriana de Provision de Servicios de Comunicaciones LTDA.;10†%;;
2160;La Paz (Er);San MartÌn 901;-30,741199;-59,644604;La Paz;Entre Rios;La Paz;-30,73535;-59,6342361;275,00;USD;768,91;1.208,15;USD;60;Mikrotik;RB960pgs;439,2375;Carga correcta;30709176672;ENER S.A.;5†%;;
2290;Lucas Gonzalez;Avda.SoberanÌa 295;-32,385398;-59,532326;Lucas Gonzalez;Entre Rios;Lucas Gonzalez;-32,3888056;-59,5287722;135,00;USD;0,00;150,00;USD;15;KINGTYPE;GPNC0C;0;Carga correcta;30707745017;Cooperativa Entrerriana de Provision de Servicios de Comunicaciones LTDA.;10†%;;
2290;Lucas Gonzalez;Avda.SoberanÌa 295;-32,385398;-59,532326;Lucas Gonzalez;Entre Rios;Lucas Gonzalez;-32,3888056;-59,5287722;275,00;USD;2.273,02;2.712,26;USD;60;Mikrotik;RB960pgs;439,2375;Carga correcta;30709176672;ENER S.A.;5†%;;
2360;Maria Grande;Avda. Argentina 405;-31,662749;-59,905392;Maria Grande;Entre Rios;Maria Grande;-31,6641639;-59,8993361;135,00;USD;0,00;150,00;USD;15;KINGTYPE;GPNC0C;0;Carga correcta;30707745017;Cooperativa Entrerriana de Provision de Servicios de Comunicaciones LTDA.;10†%;;
2360;Maria Grande;Avda. Argentina 405;-31,662749;-59,905392;Maria Grande;Entre Rios;Maria Grande;-31,6641639;-59,8993361;275,00;USD;1.744,82;2.184,06;USD;60;Mikrotik;RB960pgs;439,2375;Carga correcta;30709176672;ENER S.A.;5†%;;
2560;Nogoya;San MartÌn 800;-32,397157;-59,787984;Nogoya;Entre Rios;Nogoya;-32,3955083;-59,7825694;135,00;USD;0,00;150,00;USD;15;GLC TEC;GLC-V2802GW;0;Carga correcta;30707745017;Cooperativa Entrerriana de Provision de Servicios de Comunicaciones LTDA.;10†%;;
2560;Nogoya;San MartÌn 800;-32,397157;-59,787984;Nogoya;Entre Rios;Nogoya;-32,3955083;-59,7825694;275,00;USD;927,29;1.366,53;USD;60;Mikrotik;RB960pgs;439,2375;Carga correcta;30709176672;ENER S.A.;5†%;;
2650;Parana;San MartÌn 1000;-31,720848;-60,525806;Parana;Entre Rios;Parana;-31,7401972;-60,5343917;135,00;USD;0,00;150,00;USD;15;FIBERHOME;HG6145D2;0;Carga correcta;30707745017;Cooperativa Entrerriana de Provision de Servicios de Comunicaciones LTDA.;10†%;;
2650;Parana;San MartÌn 1000;-31,720848;-60,525806;Parana;Entre Rios;Parana;-31,7401972;-60,5343917;275,00;USD;1.224,75;1.663,98;USD;60;Mikrotik;RB960pgs;439,2375;Carga correcta;30709176672;ENER S.A.;5†%;;
2860;Ramirez;Avda. San MartÌn 312;-32,174793;-60,199078;Gral. Ramirez;Entre Rios;General Ramirez;-32,1691944;-60,1995278;135,00;USD;0,00;150,00;USD;15;HUAWEI;HG8145V5;0;Carga correcta;30707745017;Cooperativa Entrerriana de Provision de Servicios de Comunicaciones LTDA.;10†%;;
2860;Ramirez;Avda. San MartÌn 312;-32,174793;-60,199078;Gral. Ramirez;Entre Rios;General Ramirez;-32,1691944;-60,1995278;275,00;USD;2.953,21;3.392,45;USD;60;Mikrotik;RB960pgs;439,2375;Carga correcta;30709176672;ENER S.A.;5†%;;
3030;Rosario Del Tala;R. S. PeÒa 300 Y Alte. Brown;-32,301208;-59,139866;Rosario Del Tala;Entre Rios;Rosario Del Tala;-32,3029444;-59,1311333;135,00;USD;0,00;150,00;USD;15;KINGTYPE;GPNC0C;0;Carga correcta;30707745017;Cooperativa Entrerriana de Provision de Servicios de Comunicaciones LTDA.;10†%;;
3030;Rosario Del Tala;R. S. PeÒa 300 Y Alte. Brown;-32,301208;-59,139866;Rosario Del Tala;Entre Rios;Rosario Del Tala;-32,3029444;-59,1311333;275,00;USD;1.247,65;1.686,89;USD;60;Mikrotik;RB960pgs;439,2375;Carga correcta;30709176672;ENER S.A.;5†%;;
3310;San Salvador;3 De Febfrero Y San MartÌn;-31,625568;-58,504751;San Salvador;Entre Rios;San Salvador;-31,6243056;-58,5151111;135,00;USD;0,00;150,00;USD;15;KINGTYPE;GPNC0C;0;Carga correcta;30707745017;Cooperativa Entrerriana de Provision de Servicios de Comunicaciones LTDA.;10†%;;
3310;San Salvador;3 De Febfrero Y San MartÌn;-31,625568;-58,504751;San Salvador;Entre Rios;San Salvador;-31,6243056;-58,5151111;275,00;USD;837,17;1.276,41;USD;60;Mikrotik;RB960pgs;439,2375;Carga correcta;30709176672;ENER S.A.;5†%;;
3442;Sucursal ElectrÛnica Parana;La Paz 5 ¬Äì Edificio ¬Äåsolar Del Plaza‚Äù Pb Local 6;-31,728639;-60,528194;Paran„Å;Entre Rios;Parana;-31,7401972;-60,5343917;135,00;USD;0,00;150,00;USD;15;FIBERHOME;HG6145D2;0;Carga correcta;30707745017;Cooperativa Entrerriana de Provision de Servicios de Comunicaciones LTDA.;10†%;;
3442;Sucursal ElectrÛnica Parana;La Paz 5 ¬Äì Edificio ¬Äåsolar Del Plaza‚Äù Pb Local 6;-31,728639;-60,528194;Paran„Å;Entre Rios;Parana;-31,7401972;-60,5343917;275,00;USD;1.307,62;1.746,86;USD;60;Mikrotik;RB960pgs;439,2375;Carga correcta;30709176672;ENER S.A.;5†%;;
3620;Urdinarrain;E.Podest· 202;-32,684248;-58,893098;Urdinarrain;Entre Rios;Urdinarrain;-32,6788333;-58,8918611;135,00;USD;0,00;150,00;USD;15;KINGTYPE;GPNF04C;0;Carga correcta;30707745017;Cooperativa Entrerriana de Provision de Servicios de Comunicaciones LTDA.;10†%;;
3620;Urdinarrain;E.Podest· 202;-32,684248;-58,893098;Urdinarrain;Entre Rios;Urdinarrain;-32,6788333;-58,8918611;275,00;USD;2.884,25;3.323,48;USD;60;Mikrotik;RB960pgs;439,2375;Carga correcta;30709176672;ENER S.A.;5†%;;
3680;Victoria;Italia 452;-32,622357;-60,156375;Victoria;Entre Rios;Victoria;-32,630175;-60,1462556;135,00;USD;0,00;150,00;USD;15;SUPREME;FXAC00953;0;Carga correcta;30707745017;Cooperativa Entrerriana de Provision de Servicios de Comunicaciones LTDA.;10†%;;
3680;Victoria;Italia 452;-32,622357;-60,156375;Victoria;Entre Rios;Victoria;-32,630175;-60,1462556;275,00;USD;4.828,78;5.268,02;USD;60;Mikrotik;RB960pgs;439,2375;Carga correcta;30709176672;ENER S.A.;5†%;;
3770;Villaguay;B. Mitre 402;-31,867235;-59,027427;Villaguay;Entre Rios;Villaguay;-31,8636889;-59,0348611;135,00;USD;0,00;150,00;USD;15;HUAWEI;ECHOLIFE EG8143A5;0;Carga correcta;30707745017;Cooperativa Entrerriana de Provision de Servicios de Comunicaciones LTDA.;10†%;;
3770;Villaguay;B. Mitre 402;-31,867235;-59,027427;Villaguay;Entre Rios;Villaguay;-31,8636889;-59,0348611;275,00;USD;877,40;1.316,64;USD;60;Mikrotik;RB960pgs;439,2375;Carga correcta;30709176672;ENER S.A.;5†%;;
1500;Clorinda;25 De Mayo Esq. Sarmiento;-25,288367;-57,711847;Clorinda;Formosa;Clorinda;-25,2884083;-57,7260444;; USD ;;;USD;;;;;;;;;;
2246;Lib. Gral. San Martin;Jujuy 346;-23,814735;-64,793383;Lib. Gral. San Martin;Jujuy;Libertador General San Martin;-23,8165194;-64,7987389;; USD ;;;USD;;;;;;;;;;
3290;San Pedro De Jujuy;Alberdi 85;-24,234032;-64,865234;San Pedro De Jujuy;Jujuy;San Pedro De Jujuy;-24,2386944;-64,8632222;; USD ;;;USD;;;;;;;;;;
3315;San Salvador De Jujuy;Alvear 801;-24,184164;-65,304254;San Salvador De Jujuy;Jujuy;San Salvador De Jujuy;-24,1787583;-65,3275417;; USD ;;;USD;;;;;;;;;;
3350;Santa Rosa (Lp);Avda. General San MartÌn Oeste 1;-36,621103;-64,291391;Santa Rosa;La Pampa;Santa Rosa;-36,6273556;-64,271325;; USD ;;;USD;;;;;;;;;;
1035;Aimogasta;9 De Julio 521;-28,554483;-66,814127;Aimogasta;La Rioja;Aimogasta;-28,5667278;-66,798025;474,33;USD;1.000,00;1.850,00;USD;15;MikroTik ;RB5009UG+S+IN C/SFP ++;850;Carga correcta;30716161141;GESTION INTEGRAL DE PROYECTOS S.A.S.;5% y 3%;;
1425;Chamical;Avda.R. V. PeÒalosa Esq. N.M.Ayan;-30,359397;-66,314225;Chamical;La Rioja;Chamical;-30,3670833;-66,3125278;474,33;USD;1.000,00;1.850,00;USD;15;MikroTik ;RB5009UG+S+IN C/SFP ++;850;Carga correcta;30716161141;GESTION INTEGRAL DE PROYECTOS S.A.S.;5% y 3%;;
1453;Chepes;Avda. San MartÌn Y Castro Barros;-31,342165;-66,59381;Chepes;La Rioja;Chepes;-31,3445667;-66,5768861;474,33;USD;1.500,00;2.350,00;USD;15;MikroTik ;RB5009UG+S+IN C/SFP ++;850;Carga correcta;30716161141;GESTION INTEGRAL DE PROYECTOS S.A.S.;5% y 3%;;
2200;La Rioja;Pelagio B.Luna 699;-29,412397;-66,858017;La Rioja;La Rioja;La Rioja;-29,4262278;-66,8732639;474,33;USD;2.000,00;2.850,00;USD;15;MikroTik ;RB5009UG+S+IN C/SFP ++;850;Carga correcta;30716161141;GESTION INTEGRAL DE PROYECTOS S.A.S.;5% y 3%;;
3832;Villa Union;J. V. Gonz·lez N∞ 1;-29,318219;-68,228155;Villa Union;La Rioja;Villa Union;-29,314181;-68,218968;474,33;USD;1.000,00;1.850,00;USD;15;MikroTik ;RB5009UG+S+IN C/SFP ++;850;Carga correcta;30716161141;GESTION INTEGRAL DE PROYECTOS S.A.S.;5% y 3%;;
1012;Centro De Recaudacion Mendoza;Avda. L. Peltier 793;-32,899187;-68,851229;Mendoza;Mendoza;Mendoza;-32,8831528;-68,828325;1.511,90;USD;0,00;6.615,00;USD;20;Huawei;ar6140s;6615;Carga correcta;20271269472;DestÈfani Jose Luis;20†%;;
1012;Centro De Recaudacion Mendoza;Avda. L. Peltier 793;-32,899187;-68,851229;Mendoza;Mendoza;Mendoza;-32,8831528;-68,828325;280,00;USD;380,00;500,00;USD;30;MikroTik;RB760iGS;121;Carga correcta;30708839627;Servicargas Mendoza SA;3†%;;
1012;Centro De Recaudacion Mendoza;Avda. L. Peltier 793;-32,899187;-68,851229;Mendoza;Mendoza;Mendoza;-32,8831528;-68,828325;72,60;USD;75,00;130,00;USD;15;HUAWEI;EchoLife HG8245W5;55;Carga correcta;30708243201;WAYCOM SA;;;
1094;Anexo Operativo San Rafael;25 De Mayo 242;-34,617322;-68,336258;San Rafael;Mendoza;San Rafael;-34,6315472;-68,3438472;302,50;USD;250,00;500,00;USD;1;Mikrotik ;RB760iGS;250;Carga correcta;30611064604;CABLE TELEVISORA COLOR SA;5†%;;
1099;Avda. San Martin (Mza);Avda. San MartÌn Y Gutierrez (Mza);-32,888309;-68,839045;Mendoza;Mendoza;Mendoza;-32,8831528;-68,828325;1.511,90;USD;0,00;6.615,00;USD;20;Huawei;ar6140s;6615;Carga correcta;20271269472;DestÈfani Jose Luis;20†%;;
1099;Avda. San Martin (Mza);Avda. San MartÌn Y Gutierrez (Mza);-32,888309;-68,839045;Mendoza;Mendoza;Mendoza;-32,8831528;-68,828325;280,00;USD;380,00;500,00;USD;30;MikroTik;RB760iGS;121;Carga correcta;30708839627;Servicargas Mendoza SA;3†%;;
1099;Avda. San Martin (Mza);Avda. San MartÌn Y Gutierrez (Mza);-32,888309;-68,839045;Mendoza;Mendoza;Mendoza;-32,8831528;-68,828325;72,60;USD;75,00;130,00;USD;15;HUAWEI;EchoLife HG8245W5;55;Carga correcta;30708243201;WAYCOM SA;;;
1102;Avda. Alvear Oeste;Avda. Alvear Oeste 295;-34,974296;-67,683787;Gral. Alvear;Mendoza;General Alvear;-34,9812778;-67,6727417;302,50;USD;250,00;500,00;USD;1;Mikrotik ;RB760iGS;250;Carga correcta;30611064604;CABLE TELEVISORA COLOR SA;5†%;;
1236;Bowen;B. Mitre 704;-35,000648;-67,511126;Bowen;Mendoza;Bowen;-34,9928611;-67,5123611;302,50;USD;250,00;500,00;USD;1;Mikrotik ;RB760iGS;250;Carga correcta;30611064604;CABLE TELEVISORA COLOR SA;5†%;;
1636;Costa De Araujo;Belgrano Y Dr. Moreno;-32,758155;-68,397349;Costa De Araujo;Mendoza;Costa De Araujo;-32,7533556;-68,40745;; USD ;;;USD;;;;;;;;;;
1753;Eugenio Bustos;B. Quiroga Y Gral. Arenales;-33,779221;-69,064369;Eugenio Bustos;Mendoza;Eugenio Bustos;-33,7741806;-69,060025;72,60;USD;75,00;130,00;USD;15;HUAWEI;EchoLife HG8245W5;55;Carga correcta;30708243201;WAYCOM SA;;;
1830;Gral. Alvear;Avda. Alvear Oeste 310;-34,977918;-67,693484;Gral. Alvear;Mendoza;General Alvear;-34,9812778;-67,6727417;302,50;USD;250,00;500,00;USD;1;Mikrotik ;RB760iGS;250;Carga correcta;30611064604;CABLE TELEVISORA COLOR SA;5†%;;
2077;Jose V. Zapata;JosÈ Vicente Zapata Y San Juan;-32,895354;-68,837993;Mendoza;Mendoza;Mendoza;-32,8831528;-68,828325;1.511,90;USD;0,00;6.615,00;USD;20;Huawei;ar6140s;6615;Carga correcta;20271269472;DestÈfani Jose Luis;20†%;;
2077;Jose V. Zapata;JosÈ Vicente Zapata Y San Juan;-32,895354;-68,837993;Mendoza;Mendoza;Mendoza;-32,8831528;-68,828325;280,00;USD;380,00;500,00;USD;30;MikroTik;RB760iGS;121;Carga correcta;30708839627;Servicargas Mendoza SA;3†%;;
2077;Jose V. Zapata;JosÈ Vicente Zapata Y San Juan;-32,895354;-68,837993;Mendoza;Mendoza;Mendoza;-32,8831528;-68,828325;72,60;USD;75,00;130,00;USD;15;HUAWEI;EchoLife HG8245W5;55;Carga correcta;30708243201;WAYCOM SA;;;
2235;Lavalle (Mza);Belgrano 29;-32,721409;-68,594384;Lavalle;Mendoza;Villa Tulumaya;-32,7196639;-68,5893806;72,60;USD;75,00;130,00;USD;15;HUAWEI;EchoLife HG8245W5;55;Carga correcta;30708243201;WAYCOM SA;;;
2400;Mendoza;Necochea 101;-32,887142;-68,839868;Mendoza;Mendoza;Mendoza;-32,8831528;-68,828325;1.511,90;USD;0,00;6.615,00;USD;20;Huawei;ar6140s;6615;Carga correcta;20271269472;DestÈfani Jose Luis;20†%;;
2400;Mendoza;Necochea 101;-32,887142;-68,839868;Mendoza;Mendoza;Mendoza;-32,8831528;-68,828325;280,00;USD;380,00;500,00;USD;30;MikroTik;RB760iGS;121;Carga correcta;30708839627;Servicargas Mendoza SA;3†%;;
2400;Mendoza;Necochea 101;-32,887142;-68,839868;Mendoza;Mendoza;Mendoza;-32,8831528;-68,828325;72,60;USD;75,00;130,00;USD;15;HUAWEI;EchoLife HG8245W5;55;Carga correcta;30708243201;WAYCOM SA;;;
2405;Ejercito De Los Andes;Avda. EspaÒa 1275;-32,888265;-68,841432;Mendoza;Mendoza;Mendoza;-32,8831528;-68,828325;1.511,90;USD;0,00;6.615,00;USD;20;Huawei;ar6140s;6615;Carga correcta;20271269472;DestÈfani Jose Luis;20†%;;
2405;Ejercito De Los Andes;Avda. EspaÒa 1275;-32,888265;-68,841432;Mendoza;Mendoza;Mendoza;-32,8831528;-68,828325;280,00;USD;380,00;500,00;USD;30;MikroTik;RB760iGS;121;Carga correcta;30708839627;Servicargas Mendoza SA;3†%;;
2405;Ejercito De Los Andes;Avda. EspaÒa 1275;-32,888265;-68,841432;Mendoza;Mendoza;Mendoza;-32,8831528;-68,828325;72,60;USD;75,00;130,00;USD;15;HUAWEI;EchoLife HG8245W5;55;Carga correcta;30708243201;WAYCOM SA;;;
3300;San Rafael;Avda. H. Yrigoyen 113;-34,613048;-68,338923;San Rafael;Mendoza;San Rafael;-34,6315472;-68,3438472;302,50;USD;250,00;500,00;USD;1;Mikrotik ;RB760iGS;250;Carga correcta;30611064604;CABLE TELEVISORA COLOR SA;5†%;;
3432;Sucursal ElectrÛnica Guaymallen;Juan B. Alberdi S/N, Entre Avda. Bandera De Los Andes Y Costanera;-32,895993;-68,830493;Guaymallen;Mendoza;Mendoza;-32,8831528;-68,828325;1.511,90;USD;0,00;6.615,00;USD;20;Huawei;ar6140s;6615;Carga correcta;20271269472;DestÈfani Jose Luis;20†%;;
3432;Sucursal ElectrÛnica Guaymallen;Juan B. Alberdi S/N, Entre Avda. Bandera De Los Andes Y Costanera;-32,895993;-68,830493;Guaymallen;Mendoza;Mendoza;-32,8831528;-68,828325;72,60;USD;75,00;130,00;USD;15;HUAWEI;EchoLife HG8245W5;55;Carga correcta;30708243201;WAYCOM SA;;;
3576;Tribunales Mendoza;Patricias Mendocinas Y V. Del Carmen De Cuyo;-32,89743;-68,844305;Mendoza;Mendoza;Mendoza;-32,8831528;-68,828325;1.511,90;USD;0,00;6.615,00;USD;20;Huawei;ar6140s;6615;Carga correcta;20271269472;DestÈfani Jose Luis;20†%;;
3576;Tribunales Mendoza;Patricias Mendocinas Y V. Del Carmen De Cuyo;-32,89743;-68,844305;Mendoza;Mendoza;Mendoza;-32,8831528;-68,828325;280,00;USD;380,00;500,00;USD;30;MikroTik;RB760iGS;121;Carga correcta;30708839627;Servicargas Mendoza SA;3†%;;
3576;Tribunales Mendoza;Patricias Mendocinas Y V. Del Carmen De Cuyo;-32,89743;-68,844305;Mendoza;Mendoza;Mendoza;-32,8831528;-68,828325;72,60;USD;75,00;130,00;USD;15;HUAWEI;EchoLife HG8245W5;55;Carga correcta;30708243201;WAYCOM SA;;;
3583;Tribunales Provinc. De San Rafael;Las Heras 262;-34,620325;-68,328363;San Rafael;Mendoza;San Rafael;-34,6315472;-68,3438472;302,50;USD;250,00;500,00;USD;1;Mikrotik ;RB760iGS;250;Carga correcta;30611064604;CABLE TELEVISORA COLOR SA;5†%;;
2590;Obera;Avda. Sarmiento 805;-27,48467;-55,120211;Obera;Misiones;Obera;-27,5004694;-55,1092667;; USD ;;;USD;;;;;;;;;;
2784;Puerto Iguazu;Avda. Victoria Aguirre 436;-25,600146;-54,574354;Puerto Iguazu;Misiones;Puerto Iguazu;-25,6110639;-54,5645444;; USD ;;;USD;;;;;;;;;;
102;Puesto Permanente De Promocion Plaza Huincul;Avenida Juan Keidel 1549;-38,93132;-69,209283;Plaza Huincul;NeuquÈn;Plaza Huincul;-38,932112;-69,192562;; USD ;;;USD;;;;;;;;;;
1041;Anexo Operativo Neuquen;Lainez 386;-38,958441;-68,066146;Confluencia;NeuquÈn;Neuquen;-38,9448583;-68,0785944;; USD ;;;USD;;;;;;;;;;
1490;Chos Malal;Gral. Urquiza Y Sarmiento;-37,377814;-70,271966;Chos Malal;NeuquÈn;Chos Malal;-37,3669763;-70,2635599;250,00;USD;111,00;0,00;USD;10;SFP MIKROTIK;1.25G SFP 1310nm SM 20KM Dual fiber LC connector with DDM;1949,81;Carga correcta;30714375160;NEUTICS S.A.P.E.M.;;;
2540;Neuquen;Avda. Argentina 82;-38,954104;-68,058868;Neuquen;NeuquÈn;Neuquen;-38,9448583;-68,0785944;; USD ;;;USD;;;;;;;;;;
2545;Neuquen Oeste;Gral. San MartÌn 2131;-38,955044;-68,088941;Neuquen;NeuquÈn;Neuquen;-38,9448583;-68,0785944;; USD ;;;USD;;;;;;;;;;
3250;San Martin De Los Andes;Avda. San MartÌn 687;-40,157581;-71,352403;San Martin De Los Andes;NeuquÈn;San Martin De Los Andes;-40,1509722;-71,322375;; USD ;;;USD;;;;;;;;;;
3424;Sucursal Electronica Neuquen;Cura Collon 560;-38,948546;-68,100782;Neuquen;NeuquÈn;Neuquen;-38,9448583;-68,0785944;; USD ;;;USD;;;;;;;;;;
3840;Zapala;Avda. San MartÌn 401;-38,904656;-70,064063;Zapala;NeuquÈn;Zapala;-38,89735;-70,066825;600,00;USD;500,00;0,00;USD;8;0;0;0;Carga correcta;30714558079;SURPORAIRE;;;
1026;Anexo Operativo San Carlos De Bariloche;Horacio Anasagasti 1472;-41,142073;-71,289476;San Carlos De Bariloche;Rio Negro;San Carlos De Bariloche;-41,1332139;-71,2771;; USD ;;;USD;;;;;;;;;;
1388;Catriel;Avda. San MartÌn 484;-37,88062;-67,79437;Catriel;Rio Negro;Catriel;-37,8830222;-67,8040639;280,00;USD;350,00;500,00;USD;30;Mikrotik;RB760iGS;150;Carga correcta;30711130655;ISP Group SRL;;;
1388;Catriel;Avda. San MartÌn 484;-37,88062;-67,79437;Catriel;Rio Negro;Catriel;-37,8830222;-67,8040639;500,00;USD;200,00;300,00;USD;30;HUAWEI;HG8145V5;120;Carga correcta;30716001691;MULTIMEDIOS DEL VALLE SRL TELCOCOM;10†%;;
1695;El Bolson;Avda. San MartÌn 2598;-41,9652;-71,53542;El Bolson;Rio Negro;El Bolson;-41,9729056;-71,5275167;280,00;USD;350,00;500,00;USD;30;Mikrotik;RB760iGS;150;Carga correcta;30711130655;ISP Group SRL;;;
2020;Ingeniero Jacobacci;Julio A.Roca 291;-41,3311;-69,54789;Ingeniero Jacobacci;Rio Negro;Ingeniero Jacobacci;-41,3345278;-69,5312222;280,00;USD;350,00;500,00;USD;30;Mikrotik;RB760iGS;150;Carga correcta;30711130655;ISP Group SRL;;;
2920;Rio Colorado;Belgrano Esq. H.Yrigoyen;-38,993462;-64,094727;Rio Colorado;Rio Negro;Rio Colorado;-38,983275;-64,1039472;280,00;USD;350,00;500,00;USD;30;Mikrotik;RB760iGS;150;Carga correcta;30711130655;ISP Group SRL;;;
2920;Rio Colorado;Belgrano Esq. H.Yrigoyen;-38,993462;-64,094727;Rio Colorado;Rio Negro;Rio Colorado;-38,983275;-64,1039472;500,00;USD;200,00;300,00;USD;30;HUAWEI;HG8145V5;120;Carga correcta;30716001691;MULTIMEDIOS DEL VALLE SRL TELCOCOM;10†%;;
3100;San Antonio Oeste;H. Yrigoyen Y C. Pellegrini;-40,729057;-64,944509;San Antonio Oeste;Rio Negro;San Antonio Oeste;-40,7293667;-64,9597944;280,00;USD;350,00;500,00;USD;30;Mikrotik;RB760iGS;150;Carga correcta;30711130655;ISP Group SRL;;;
3100;San Antonio Oeste;H. Yrigoyen Y C. Pellegrini;-40,729057;-64,944509;San Antonio Oeste;Rio Negro;San Antonio Oeste;-40,7293667;-64,9597944;500,00;USD;200,00;300,00;USD;30;HUAWEI;HG8145V5;120;Carga correcta;30716001691;MULTIMEDIOS DEL VALLE SRL TELCOCOM;10†%;;
3120;San Carlos De Bariloche;BartolomÈ Mitre 178;-41,13376;-71,30727;San Carlos De Bariloche;Rio Negro;San Carlos De Bariloche;-41,1332139;-71,2771;; USD ;;;USD;;;;;;;;;;
3700;Viedma;San MartÌn 302;-40,807518;-62,99464;Viedma;Rio Negro;Viedma;-40,8218222;-63,0224389;280,00;USD;350,00;500,00;USD;30;Mikrotik;RB760iGS;150;Carga correcta;30711130655;ISP Group SRL;;;
3700;Viedma;San MartÌn 302;-40,807518;-62,99464;Viedma;Rio Negro;Viedma;-40,8218222;-63,0224389;500,00;USD;200,00;300,00;USD;30;HUAWEI;HG8145V5;120;Carga correcta;30716001691;MULTIMEDIOS DEL VALLE SRL TELCOCOM;10†%;;
308;P.P.P. EmbarcaciÛn;Av. Buenos Aires 140;-23,208164;-64,095685;EmbarcaciÛn;Salta;Embarcacion;-23,2034417;-64,0976583;; USD ;;;USD;;;;;;;;;;
309;P.P.P. General Mosconi;Av. Casiano Casas 50;-22,596028;-63,812361;Gral. Mosconi;Salta;General Enrique Mosconi;-22,5951806;-63,8040194;; USD ;;;USD;;;;;;;;;;
1037;Anexo Operativo Tartagal;24 De Septiembre 923;-22,50965;-63,796779;Tartagal;Salta;Tartagal;-22,5279556;-63,7938972;; USD ;;;USD;;;;;;;;;;
1260;Cafayate;Nuestra SeÒora Del Rosario 103;-26,0735;-65,97687;Cafayate;Salta;Cafayate;-26,0725;-65,9844889;; USD ;;;USD;;;;;;;;;;
3305;San Ramon De La Nueva Oran;Cnel. Eg¸es 598;-23,132906;-64,323168;San Ramon De La Nueva Oran;Salta;San Ramon De La Nueva Oran;-23,1574139;-64,3323333;40,00;USD;300,00;300,00;USD;5;V-SOL;V2804N-Z;300;Carga correcta;30708764163;ORAN TELEVISORA COLOR SRL;;;
3470;Tartagal;Warnes 300;-22,518196;-63,804152;Tartagal;Salta;Tartagal;-22,5279556;-63,7938972;; USD ;;;USD;;;;;;;;;;
1396;Caucete;Diag. Sarmiento 627;-31,649818;-68,282211;Caucete;San Juan;Caucete;-31,6434444;-68,2863278;180,00;USD;3.600,00;4.000,00;USD;20;Mikrotik;RB3011UiAS-RM;400;Carga correcta;30681700281;Interredes S.A.;;;
1396;Caucete;Diag. Sarmiento 627;-31,649818;-68,282211;Caucete;San Juan;Caucete;-31,6434444;-68,2863278;200,00;USD;200,00;500,00;USD;15;Mikrotik;RB4011iGS+RM;300;Carga correcta;30708794763;Intersat SA;;;
1401;Anexo Operativo San Juan;Avda. Libertador San MartÌn (Este) 320;-31,533674;-68,521735;San Juan;San Juan;San Juan;-31,5172388;-68,5119083;180,00;USD;1.200,00;1.600,00;USD;10;Mikrotik;RB3011UiAS-RM;400;Carga correcta;30681700281;Interredes S.A.;;;
1401;Anexo Operativo San Juan;Avda. Libertador San MartÌn (Este) 320;-31,533674;-68,521735;San Juan;San Juan;San Juan;-31,5172388;-68,5119083;200,00;USD;200,00;500,00;USD;15;Mikrotik;RB4011iGS+RM;300;Carga correcta;30708794763;Intersat SA;;;
1401;Anexo Operativo San Juan;Avda. Libertador San MartÌn (Este) 320;-31,533674;-68,521735;San Juan;San Juan;San Juan;-31,5172388;-68,5119083;80,00;USD;420,00;950,00;USD;10;Mikrotik;RB 4011;350;Carga correcta;30709457477;XF COMUNICACIONES S.A.;;;
2060;Jachal;San Juan 653;-30,240934;-68,74653;Jachal;San Juan;San Jose De Jachal;-30,2339444;-68,747;180,00;USD;1.200,00;1.600,00;USD;10;Mikrotik;RB3011UiAS-RM;400;Carga correcta;30681700281;Interredes S.A.;;;
2060;Jachal;San Juan 653;-30,240934;-68,74653;Jachal;San Juan;San Jose De Jachal;-30,2339444;-68,747;250,00;USD;2.230,00;1.500,00;USD;20;Mikrotik;RB4011iGS+RM;300;Carga correcta;30708794763;Intersat SA;;;
3200;San Juan;Jujuy Sud 227;-31,53633;-68,52148;San Juan;San Juan;San Juan;-31,5172388;-68,5119083;180,00;USD;1.200,00;1.600,00;USD;10;Mikrotik;RB3011UiAS-RM;400;Carga correcta;30681700281;Interredes S.A.;;;
3200;San Juan;Jujuy Sud 227;-31,53633;-68,52148;San Juan;San Juan;San Juan;-31,5172388;-68,5119083;200,00;USD;200,00;500,00;USD;15;Mikrotik;RB4011iGS+RM;300;Carga correcta;30708794763;Intersat SA;;;
3200;San Juan;Jujuy Sud 227;-31,53633;-68,52148;San Juan;San Juan;San Juan;-31,5172388;-68,5119083;80,00;USD;420,00;950,00;USD;10;Mikrotik;RB 4011;350;Carga correcta;30709457477;XF COMUNICACIONES S.A.;;;
3830;Villa Sarmiento;Rivadavia 102;-31,980874;-68,426314;Villa Sarmiento;San Juan;Villa Media Agua;-31,9825833;-68,41995;180,00;USD;1.200,00;1.600,00;USD;10;Mikrotik;RB3011UiAS-RM;400;Carga correcta;30681700281;Interredes S.A.;;;
3830;Villa Sarmiento;Rivadavia 102;-31,980874;-68,426314;Villa Sarmiento;San Juan;Villa Media Agua;-31,9825833;-68,41995;200,00;USD;200,00;500,00;USD;15;Mikrotik;RB4011iGS+RM;300;Carga correcta;30708794763;Intersat SA;;;
3830;Villa Sarmiento;Rivadavia 102;-31,980874;-68,426314;Villa Sarmiento;San Juan;Villa Media Agua;-31,9825833;-68,41995;80,00;USD;420,00;950,00;USD;15;Mikrotik;RB 4011;350;Carga correcta;30709457477;XF COMUNICACIONES S.A.;;;
2121;Justo Daract;H.Yrigoyen 929;-33,86299;-65,17738;Justo Daract;San Luis;Justo Daract;-33,8592583;-65,1814528;; USD ;;;USD;;;;;;;;;;
1266;Caleta Olivia;Avda. Eva PerÛn 135;-46,44313;-67,515172;Caleta Olivia;Santa Cruz;Caleta Olivia;-46,4578972;-67,5147167;; USD ;;;USD;;;;;;;;;;
1697;El Calafate;Avda. Libertador Esq 7 De Diciembre S/N;-50,338421;-72,269361;Calafate;Santa Cruz;El Calafate;-50,3386361;-72,2545694;726,00;USD;0,00;195,22;USD;20;MICROTICK;RB960PGS;195,22;Carga correcta;30571437569;COOPERATIVA TELEFONICA DE CALAFATE LTDA.;;;
2215;Las Heras (Sc);Perito Moreno 542;-46,53946;-68,934258;Las Heras;Santa Cruz;Colonia Las Heras;-46,5436361;-68,9077333;320,00;USD;;1.490,00;USD;10;;ver EspecificaciÛn TÈcnica;;Falta campo obligatorio;30715863452;SS Servicios SAS;;;
2701;Perito Moreno;Avda. San MartÌn 2037;-46,586913;-70,926341;Perito Moreno;Santa Cruz;Perito Moreno;-46,5897849;-70,9136473;320,00;USD;;1.490,00;USD;10;;ver EspecificaciÛn TÈcnica;;Falta campo obligatorio;30715863452;SS Servicios SAS;;;
2705;Pico Truncado;Velez Sarsfield 245;-46,796224;-67,96018;Pico Truncado;Santa Cruz;Pico Truncado;-46,7923639;-67,9456667;360,00;USD;63,00;1.080,00;USD;45;MIKROTIK;CRS326-24G-2S+RM;1000;Carga correcta;30649825137;PARALELO 46 TV S.A ;10†%;;
2705;Pico Truncado;Velez Sarsfield 245;-46,796224;-67,96018;Pico Truncado;Santa Cruz;Pico Truncado;-46,7923639;-67,9456667;320,00;USD;;1.490,00;USD;10;;ver EspecificaciÛn TÈcnica;;Falta campo obligatorio;30715863452;SS Servicios SAS;;;
2940;Rio Gallegos;Avda. Presidente NÈstor Carlos Kirchner 799;-51,621102;-69,21382;Rio Gallegos;Santa Cruz;Rio Gallegos;-51,6240333;-69,23635;747,18;USD;5.795,00;5.795,00;USD;15;MikroTik;CCR2004;3099;Carga correcta;20134103117;ComTec Electronica de Fern·ndez Soler JosÈ Daniel;5†%;;
2940;Rio Gallegos;Avda. Presidente NÈstor Carlos Kirchner 799;-51,621102;-69,21382;Rio Gallegos;Santa Cruz;Rio Gallegos;-51,6240333;-69,23635;320,00;USD;;1.490,00;USD;10;;ver EspecificaciÛn TÈcnica;;Falta campo obligatorio;30715863452;SS Servicios SAS;;;
1091;Armstrong;Bv. San MartÌn Esq. Bv. Ricardo Fischer S/N∞;-32,78395;-61,60609;Belgrano;Santa Fe;Armstrong;-32,7744161;-61,6118242;; USD ;;;USD;;;;;;;;;;
1097;Arroyo Seco;San MartÌn 682;-33,155591;-60,511786;Arroyo Seco;Santa Fe;Arroyo Seco;-33,1672778;-60,52825;; USD ;;;USD;;;;;;;;;;
1400;Ceres;H. Vieytes 27;-29,88065;-61,94459;Ceres;Santa Fe;Ceres;-29,8639722;-61,9490833;; USD ;;;USD;;;;;;;;;;
1730;Esperanza;Avda. Belgrano 2100;-31,448947;-60,92909;Esperanza;Santa Fe;Esperanza.;-31,4540306;-60,9443361;; USD ;;;USD;;;;;;;;;;
2216;Las Parejas;Avda. 13 Nro. 949;-32,683217;-61,517562;Las Parejas;Santa Fe;Las Parejas;-32,6782167;-61,5320194;; USD ;;;USD;;;;;;;;;;
2450;Moises Ville;Estado De Israel 20;-30,7169657;-61,4678231;Moises Ville;Santa Fe;Moises Ville;-30,7191917;-61,4709639;; USD ;;;USD;;;;;;;;;;
3430;Sunchales;Avda. Independencia 396;-30,94543;-61,56187;Sunchales;Santa Fe;Sunchales;-30,946;-61,5476111;; USD ;;;USD;;;;;;;;;;
3471;Teodelina;25 De Mayo 359;-34,1885977;-61,5250683;Teodelina;Santa Fe;Teodelina;-34,1832018;-61,5310593;; USD ;;;USD;;;;;;;;;;
3530;Tostado;Sarmiento 1198;-29,232791;-61,771371;Tostado;Santa Fe;Tostado;-29,2286667;-61,7772778;; USD ;;;USD;;;;;;;;;;
3660;Venado Tuerto;San MartÌn 401;-33,748625;-61,963388;Venado Tuerto;Santa Fe;Venado Tuerto;-33,7532068;-61,957828;; USD ;;;USD;;;;;;;;;;
3665;Vera;San MartÌn 1790;-29,46367;-60,21118;Vera;Santa Fe;Vera;-29,4662778;-60,1972222;; USD ;;;USD;;;;;;;;;;
3833;Villa Trinidad;Arenales 608;-30,215345;-61,877317;Villa Trinidad;Santa Fe;Villa Trinidad;-30,2228312;-61,8686263;; USD ;;;USD;;;;;;;;;;
1070;AÒatuya;PueyrredÛn 102;-28,460967;-62,833669;AÒatuya;Santiago Del Estero;AÒatuya;-28,4642448;-62,8394316;474,33;USD;1.500,00;2.350,00;USD;15;MikroTik ;RB5009UG+S+IN C/SFP ++;850;Carga correcta;30716161141;GESTION INTEGRAL DE PROYECTOS S.A.S.;5% y 3%;;
1770;Fernandez;Avda. San MartÌn 202;-27,923834;-63,895811;Fernandez;Santiago Del Estero;Fernandez;-27,92865;-63,8811444;474,33;USD;1.500,00;2.350,00;USD;15;MikroTik ;RB5009UG+S+IN C/SFP ++;850;Carga correcta;30716161141;GESTION INTEGRAL DE PROYECTOS S.A.S.;5% y 3%;;
1800;Frias;Eva PerÛn 130;-28,637319;-65,134163;Frias;Santiago Del Estero;Frias;-28,6282778;-65,1291389;474,33;USD;1.500,00;2.350,00;USD;15;MikroTik ;RB5009UG+S+IN C/SFP ++;850;Carga correcta;30716161141;GESTION INTEGRAL DE PROYECTOS S.A.S.;5% y 3%;;
2832;Quimili;Moreno 10;-27,643612;-62,41332;Quimili;Santiago Del Estero;Quimili;-27,6409428;-62,4196355;474,33;USD;1.500,00;2.350,00;USD;15;MikroTik ;RB5009UG+S+IN C/SFP ++;850;Carga correcta;30716161141;GESTION INTEGRAL DE PROYECTOS S.A.S.;5% y 3%;;
3370;Santiago Del Estero;24 De Septiembre 201;-27,789381;-64,259194;Santiago Del Estero;Santiago Del Estero;Santiago Del Estero;-27,801075;-64,268625;474,33;USD;2.000,00;2.850,00;USD;15;MikroTik ;RB5009UG+S+IN C/SFP ++;850;Carga correcta;30716161141;GESTION INTEGRAL DE PROYECTOS S.A.S.;5% y 3%;;
3472;Termas De Rio Hondo;Caseros 56;-27,498516;-64,860388;Rio Hondo;Santiago Del Estero;Termas De Rio Hondo;-27,4985806;-64,8661889;474,33;USD;1.500,00;2.350,00;USD;15;MikroTik ;RB5009UG+S+IN C/SFP ++;850;Carga correcta;30716161141;GESTION INTEGRAL DE PROYECTOS S.A.S.;5% y 3%;;
1542;Concepcion;EspaÒa 1498;-27,34624;-65,59338;Concepcion;Tucuman;Concepcion;-27,3451544;-65,5882498;310,00;USD;310,00;310,00;USD;30;MIKROTIK;Rb760igs 5 ;180;Carga correcta;30685692828;TUCUMAN BBS SRL;;;
2081;Juan Bautista Alberdi;Miguel M.Campero 337;-27,585953;-65,618127;Juan Bautista Alberdi;Tucuman;Juan Bautista Alberdi;-27,595528;-65,609583;310,00;USD;310,00;500,00;USD;45;MIKROTIK;Rb760igs 5 ;180;Carga correcta;30685692828;TUCUMAN BBS SRL;;;
2141;La Ciudadela;Avda. Alem 354 (S. M. Del Tucum·n);-26,833247;-65,219661;La Ciudadela;Tucuman;San Miguel De Tucuman;-26,843875;-65,2299888;310,00;USD;310,00;500,00;USD;30;MIKROTIK;Rb760igs 5 ;180;Carga correcta;30685692828;TUCUMAN BBS SRL;;;
2310;Lules;Doctor Eliseo Canton 21;-26,924562;-65,338956;Lules;Tucuman;San Isidro De Lules;-26,916075;-65,3348444;310,00;USD;310,00;310,00;USD;40;MIKROTIK;Rb760igs 5 ;180;Carga correcta;30685692828;TUCUMAN BBS SRL;;;
2490;Monteros;Belgrano 87;-27,167933;-65,496865;Monteros;Tucuman;Monteros;-27,16962221;-65,48888406;310,00;USD;310,00;500,00;USD;30;MIKROTIK;Rb760igs 5 ;180;Carga correcta;30685692828;TUCUMAN BBS SRL;;;
3265;San M. De Tucuman;San MartÌn 690;-26,829222;-65,207169;San Miguel De Tucuman;Tucuman;San Miguel De Tucuman;-26,843875;-65,2299888;310,00;USD;310,00;500,00;USD;30;MIKROTIK;Rb760igs 5 ;180;Carga correcta;30685692828;TUCUMAN BBS SRL;;;
3839;Yerba Buena;Avda. Aconquija 1695;-26,813334;-65,293667;Yerba Buena;Tucuman;Yerba Buena Tucuman Cambia Por San Pablo Catamarca;-26,811678;-65,265672;310,00;USD;310,00;500,00;USD;30;MIKROTIK;Rb760igs 5 ;180;Carga correcta;30685692828;TUCUMAN BBS SRL;;;
